"variable","bias_estimate1","bias_estimate2","mse_estimate1","mse_estimate2"
"height",0.0397367465826903,-0.156739665092516,0.307663199987137,1.17633984009349
"mass",0.000459218615276313,0.0578430887211709,0.0982790616608694,0.483940654748281
"metabolite_A",-0.000662654268428597,-0.14817857677768,0.000215450961292048,0.022726544112914
"metabolite_B",0.000459084551134081,-0.277435500539166,0.000860011951239647,0.0811146920123502
"metabolite_C",0.000605480954596394,0.0890482246627349,0.000259104901113423,0.00865605472964696
"metabolite_D",0.000204347613255607,-0.0886140222497831,0.0103498327192113,0.0989644065792015
"metabolite_E",-0.00714152019721404,-0.200744203083994,0.0387029316269685,0.379149476162096
"disease_score",0.00120395586518507,1.83465962499939,0.212838607422625,4.45842063800149
