"location","cpg","gwas","eqtl","mean_association_score"
1,0,0,0,0.90697322229327
2,1,0,0,3.30717055708579
1,0,1,0,3.90108733669415
2,1,1,0,4.61892267369964
2,0,0,1,2.05059978921374
2,1,0,1,1.69268044962105
2,1,1,1,5.29862334529936
